{
    "fan_max_speed": [
        "30"
    ],
    "fan_min_speed": [
        "40"
    ],
    "filament_extruder_variant": [
        "Direct Drive Standard"
    ],
    "filament_flow_ratio": [
        "1.165"
    ],
    "filament_settings_id": [
        "Generic TPU @BBL A1 - Copyfilaflex"
    ],
    "from": "User",
    "hot_plate_temp": [
        "1"
    ],
    "hot_plate_temp_initial_layer": [
        "1"
    ],
    "inherits": "Generic TPU @BBL A1",
    "name": "Generic TPU @BBL A1 - Copyfilaflex",
    "nozzle_temperature": [
        "250"
    ],
    "nozzle_temperature_initial_layer": [
        "230"
    ],
    "reduce_fan_stop_start_freq": [
        "0"
    ],
    "textured_plate_temp": [
        "28"
    ],
    "textured_plate_temp_initial_layer": [
        "28"
    ],
    "version": "2.0.0.77"
}
